Subject,Start Date,Start Time,Description
Jasons birthday,2090-08-27,9:00:00,"Its Jasons birthday today in the chinese lunar calendar (2090, 8th month, 3rd day)! This is one of two birthdays Jason will have this year since their birthday lands on a leap month."
Jasons birthday,2090-09-26,9:00:00,"Its Jasons birthday today in the chinese lunar calendar (2090, 8th month, 3rd day)! This is one of two birthdays Jason will have this year since their birthday lands on a leap month."
Jasons birthday,2091-09-15,9:00:00,"Its Jasons birthday today in the chinese lunar calendar (2091, 8th month, 3rd day)!"
Jasons birthday,2092-09-04,9:00:00,"Its Jasons birthday today in the chinese lunar calendar (2092, 8th month, 3rd day)!"
Jasons birthday,2093-09-23,9:00:00,"Its Jasons birthday today in the chinese lunar calendar (2093, 8th month, 3rd day)!"
Jasons birthday,2094-09-12,9:00:00,"Its Jasons birthday today in the chinese lunar calendar (2094, 8th month, 3rd day)!"
Jasons birthday,2095-09-01,9:00:00,"Its Jasons birthday today in the chinese lunar calendar (2095, 8th month, 3rd day)!"
Jasons birthday,2096-09-18,9:00:00,"Its Jasons birthday today in the chinese lunar calendar (2096, 8th month, 3rd day)!"
Jasons birthday,2097-09-08,9:00:00,"Its Jasons birthday today in the chinese lunar calendar (2097, 8th month, 3rd day)!"
Jasons birthday,2098-08-28,9:00:00,"Its Jasons birthday today in the chinese lunar calendar (2098, 8th month, 3rd day)!"
Jasons birthday,2099-09-17,9:00:00,"Its Jasons birthday today in the chinese lunar calendar (2099, 8th month, 3rd day)!"
Jasons birthday,2100-09-06,9:00:00,"Its Jasons birthday today in the chinese lunar calendar (2100, 8th month, 3rd day)!"
